,neg,neu,pos,compound
brentford best city leeds winning at spurs although still long to go come on another win tonight please #nufc,0.0,0.523,0.477,0.9287
south stand cheering the brentford winner which gives arsenal the chance to go 5 clear tonight never underestimate the delusion at this club and within this fanbase,0.0,0.607,0.393,0.9116
brentford has done arsenal a grand favour arsenal can go 5 points clear again arsenal will win the league,0.0,0.514,0.486,0.9062
we beat this brentford team by 3 clear goals at their own ground respect respect respect,0.0,0.48,0.52,0.8979
breaking arsenal will remain on top of the pl table until 26th dec great thanks to our brentford friends,0.0,0.558,0.442,0.8979
haaland was fit enough to play 26 mins vs fulham surely with another 7 days and some trainingrehabphysio in him hes fit enough to start vs brentford and play 7075 mins #fpl,0.0,0.672,0.328,0.8934
brentford are officially having themselves a grand old time in the premier league amazing win,0.0,0.509,0.491,0.891
thank you brentford god will bless your fathers and mothers your club will never relegate e go bette for una generation hallelujah,0.0,0.599,0.401,0.886
ivan toney with a massive statement on not being called up to the world cup two goals and now surely the winning goal against man city for brentford first win at man city since the 30s what a finish,0.0,0.771,0.229,0.8779
lets ease up on celebrating the brentford goal this app would become unbearable if arsenal and arteta won the premier league #cfc,0.0,0.657,0.343,0.872
that result just emphasizes the magnificence of arsenals 30 win against brentford away from home i mean how did we just bully them at their place dont underestimate that win and performance,0.076,0.618,0.306,0.8654
man city have won 16 consecutive home games across all competitions and erling haaland starts good luck brentford #mcibre,0.0,0.625,0.375,0.8625
actually alex we are pretty much unbeatable at the etihad and id love to know what you think our weaknesses are maybe fulham nearly got a draw because we spent 65 mins down to 10 menwhich you dont mention brentford should be so lucky ,0.048,0.743,0.21,0.8596
oh wow what a breakaway that was brilliant from brentford whatever happens tonight arsenal will go into the break for the world cup at the top of the premier league,0.0,0.734,0.266,0.8555
martinez has been the best cb in the league this season apart from that time he conceded 4 to brentford and that time he conceded 6 to man city and that time he conceded 3 to villa and shouldve gotten a red card but apart from that hes been the best cb in the league,0.0,0.854,0.146,0.8555
tottenham fans in the coach celebrating brentford winning at city are you sure ,0.0,0.515,0.485,0.8555
that wasnt a fortuitous win for brentford they absolutely deserved the w and its the perfect example of how they fair vs big sides said after we dismantled them with ease at their ground how impressive of a victory it was chelsea united and city all have struggled,0.094,0.654,0.251,0.8453
im not mad at brentford anymore to beat both manchester united and manchester city hats off man ivan toney would have had a hattrick had he played that well #epl #ggmu,0.0,0.724,0.276,0.8372
did i celebrate that brentford goal like it was an arsenal goal yes i fucking did,0.0,0.553,0.447,0.836
arsenal fans are very happy brentford thank you very important ,0.0,0.442,0.558,0.8338
mancity played like chelsea today what a pitty congratulations to brentford,0.0,0.443,0.557,0.8316
£50 winnings thanks brentford should have been braver and stuck more on,0.101,0.404,0.495,0.8316
lol first it was its only brentford its only palace wait until you play topsix side and now this haha,0.0,0.661,0.339,0.8271
with manchester citys 21 loss against brentford arsenal will go into the world cup break on top of the premier league table with a win today the gunners would move 5 points clear what a massive opportunity for arsenal #afc,0.051,0.706,0.243,0.8271
this has been a defensive and tactical masterclass by brentford ivan toney with the perfect response to gareth southgate two points off city if we win tonight ,0.0,0.728,0.272,0.8225
got what we deserved today fair play to brentford and deserved the win ,0.0,0.541,0.459,0.8176
fc emmen vs ajax newcastle united vs chelsea wolves vs arsenal fulham vs manchester united tottenham vs leeds united manchester city vs brentford liverpool vs southampton schalke 04 vs bayern munich atalanta vs inter juventus vs lazio napoli vs udinese psg vs auxerre,0.0,0.826,0.174,0.8126
the injuries play a part but it clear from brentford and now against villa ten hag cant play the style of football he wants while making the compromises hes making,0.0,0.76,0.24,0.802
 the single biggest result in the clubs history think thomas frank enjoyed brentfords win against man city today #bbcfootball #mcibre,0.0,0.717,0.283,0.7964
thomas frank is an absolutely magnificent coach this brentford side are so well coached,0.0,0.634,0.366,0.7866
brentford vs mancity match could have ended in a draw but somehow got 10 mins added time even if a player was sht in the matchd additional minutes would be shorter enough minutes 4 brentford to slot in the winning goal 5 long months for campaign exposed a certain messiah,0.029,0.828,0.143,0.7783
the city vs brentford game is heated up lmao i dunnoe why the city players seem to want penalties like that ,0.0,0.688,0.312,0.7717
brentford beat almighty manchester city on their turf but some chelsea fans still want us to calm down with brother potter that is loosing back to back like a small team una never hala,0.0,0.797,0.203,0.7684
brentford goalkeeper is doing extremely well and i loving that ,0.0,0.516,0.484,0.762
toney brace today and wins brentford the game shame on you southgate enjoy your holiday ivan ,0.126,0.486,0.389,0.7579
we are top of league we are top of the league brentford magnificent ,0.0,0.571,0.429,0.7579
it may improve your enjoyment of #mancity vs #brentford to know that brentford owner matthew benham controls the var official david coote and that referee peter bankes is getting his third consecutive brentford #epl game #footballisfixed #mcibre,0.0,0.843,0.157,0.7579
that last 15 minutes was exceptional from brentford the previous 85 not bad either what a fantastic performance,0.0,0.699,0.301,0.7543
drop your handles we celebrate the brentford win in etihad by following each other ,0.102,0.534,0.364,0.7506
that brentford win is clear indicator that the gods are on our side,0.0,0.632,0.368,0.7506
they added 10 minutes for man city to score a winner unfortunately brentford did lmao ,0.114,0.521,0.365,0.743
looks like brentford gave everything and won,0.0,0.446,0.554,0.7351
it may not last but brentford are showing once again the only way to play against citeh is to play against them,0.0,0.763,0.237,0.7351
what a great performance from brentford well deserved,0.0,0.446,0.554,0.7351
city with a big comeback but brentford will still win the game,0.0,0.658,0.342,0.7351
£30 cash competition like this tweet comment below who will be the first player to be carded in the man city vs brentford game one person who gets it right wins £30 cash go go go,0.0,0.846,0.154,0.7351
thank you brentford big opportunity for arsenal to top the league with 5 points before the break lets get this gunners #wolars,0.0,0.717,0.283,0.7269
thank you brentford please do your part please 1045pm ku ,0.0,0.496,0.504,0.7269
thanks brentford for helping to guarantee that araenal fans will spend the world cup and xmas listening to every pundit say arsenal are league leaders,0.0,0.756,0.244,0.7269
6 huge save ederson makes up for a mistake by denying another clear goalscoring opportunity for brentford 00,0.187,0.389,0.424,0.7269
did i captain haaland yes do i have kdb yes do i have cancelo yes do i want city to lose yes honestly i dont care if they lose 40 come on brentford #coyg,0.186,0.464,0.35,0.7246
ow nice nice i didnt stake city straight win more fire brentford,0.221,0.304,0.476,0.722
good evening friends of brentford ,0.0,0.333,0.667,0.7184
good morning friends of brentford fc,0.0,0.4,0.6,0.7184
is brentford going to stand up and be counted as men and do something useful to challenge money football and help arsenal or not #mcibre,0.0,0.761,0.239,0.7096
greetings friends of brentford its time ,0.0,0.404,0.596,0.7096
i love brentford beat our asses so we had to wake up caught that l earlier this season after the resurgence now taking points off city what a club need to do the double against them this season but thank you for your service so far ,0.0,0.875,0.125,0.705
brentford fully deserve this win fully,0.0,0.509,0.491,0.7031
if man city cant win this game then brentford must score i cant lose my bet lose fpl points and still lose the opportunity to derive joy at the downfall of an enemy,0.146,0.556,0.298,0.7005
manchester united 04 brentford manchester city 12 brentford safe to say brentford own manchester clubs,0.0,0.695,0.305,0.6908
arsenal fans gather here lets jubilate man city just lost 3 point to brentford advantage for us to extend our lead on the table by 5 points what a great way to enter the world cup break,0.057,0.748,0.195,0.6705
brentford fc should win against manchester city united just testing have no idea on soccer #mcibre,0.101,0.596,0.303,0.6597
brentford remind me soo much of mid 2000s blackburn or bolton difficult to break down and efficient at what appear like simple things set pieces direct balls make things awkward for some very good teams,0.096,0.704,0.199,0.659
haalands mentality on brentfords second goal is just unmatched the way he ran back and positioned himself as a center defender i love it #mcibre,0.048,0.743,0.208,0.6486
guys today in this account manchester city vs brentford bournemouth vs everton liverpool vs southampton nottingham vs crystal palace tottenham vs leeds united west ham vs leicester newcastle vs everton wolverhampton vs arsenal like reetwet my army ,0.0,0.868,0.132,0.6486
guys coming up man city vs brentford bournemouth vs everton west ham vs leicester city tottenham vs leeds united liverpool vs southampton newcastle vs chelsea wolves vs arsenal hits like retweet #flashstreams,0.0,0.85,0.15,0.6486
i wish my team could defend like how brentford do,0.0,0.574,0.426,0.6369
need to take the performances of brentford and spurs into this crystal palace game today big difference is palace have pace and skill from zaha ayew eze and olise backing aurier to continue great form today #nffc,0.0,0.871,0.129,0.6369
for the best coverage of todays match against brentford download our official app tap to download ,0.0,0.781,0.219,0.6369
score predictions for the first #epl game of the day man city v brentford get them in and well shout out the winners #mcibre,0.0,0.802,0.198,0.6369
everyone was crying about the 10 minutes added time but it gave brentford time to score the winner ,0.088,0.688,0.224,0.631
ive said for ages that a lot of teams including us are beaten before they kick off against city once a team shows backbone and give as good as they get like brentford city dont like it one little bit,0.063,0.761,0.177,0.6249
wow brentford beat city if we get three points today oh sheila stop getting too excited coyg,0.098,0.625,0.277,0.6124
thank you brentford thank you toney,0.0,0.444,0.556,0.6124
giving out 1k airtime to the first two persons to predict the correct score of the manchester city vs brentford game courtesy of kingkatgaming entries close at half time lets goo,0.0,0.855,0.145,0.5994
what a win for brentford now the title race is between arsenal and newcastle,0.0,0.759,0.241,0.5859
brentford wow,0.0,0.208,0.792,0.5859
i thought it was good of the officials to add those 10 minutes to allow brentford the time to get the 3 points today,0.0,0.806,0.194,0.5859
lewis hall made his debut against brentford then became the youngest player to start an fa cup tie for us played out of his skin never seen again now hes facing city showing up every single player in our squad wake up chelsea play the boy regularly,0.0,0.904,0.096,0.5859
brentford last win at the etihad was on christmas day in 1937 today they are 21 up against man city in front of their fans,0.0,0.863,0.137,0.5859
brentford deserve that brilliant start city havent clicked at all here maybe thinking about the wc #mcfc #bfc,0.0,0.817,0.183,0.5859
brentford will win premier league ,0.0,0.513,0.487,0.5859
toney had tenner on brentford to win btts,0.0,0.648,0.352,0.5859
brentford have won it ahhhhh,0.0,0.519,0.481,0.5719
ivan torney thinks guardiola is southgate or something man single handedly won the game for brentford,0.0,0.802,0.198,0.5719
brentford wins against mancity yesssssss,0.0,0.519,0.481,0.5719
ft man city 12 brentford toneys double wins it for his side arsenal will be 1st in the premier league going into the world cup we have live reaction next,0.0,0.887,0.113,0.5719
what if brentford wins today,0.0,0.519,0.481,0.5719
pep guardiola on who will win the world cup i dont know id like to tell you many teams have a chance i dont know what will happen against brentford tomorrow via joebray ,0.06,0.773,0.166,0.5705
man city 12 brentford no that is not a mistake titanic performance from thomas franks side who win away from home in the premier league for the first time since may #brentfordfc #mcibre,0.059,0.783,0.158,0.5627
dived to rescue the points at home to fulham last week diving all over the place trying to do the same at home to brentford this week,0.0,0.845,0.155,0.5574
i never thought that brentford would be a source of happiness ,0.0,0.69,0.31,0.5574
i gave brentford 4 goals up ive never had this much peace for a selection before,0.0,0.774,0.226,0.5423
well played brentford up to now dont fck it up,0.0,0.64,0.36,0.5423
christian nørgaard one of the most underrated players in the league his elite ballwinning pedigree goes under the radar in this brentford side with far more exciting players,0.0,0.885,0.115,0.5413
brentford winning a big team chelsea can do same,0.0,0.673,0.327,0.5267
get in brentford now lets beat wolves and be 5 points clear at the top #coyg,0.0,0.747,0.253,0.5267
brentford beat almighty manchester city on their turf but some chelsea fans still want us to calm down with brother potter that is loosing back as a small team una never hala,0.0,0.868,0.132,0.5267
brentford is winning this game,0.0,0.541,0.459,0.5267
why was there a cheer in the spurs stadium when that brentford goal went in,0.0,0.798,0.202,0.5106
i have allegedly removed ivan toney and brentford from the book of heaven ,0.0,0.769,0.231,0.5106
thats unbelievable brentford lad grabs the ball inside the box then haaland fouled then de bruyne fouled in the space of 30 seconds and not a single penalty given ,0.0,0.859,0.141,0.5073
haaland has no shot on target against common brentford but were made to believe he was going to do better than ronaldo,0.063,0.786,0.151,0.5023
where are the friends of brentford,0.0,0.617,0.383,0.4767
two huge chances for brentford in the opening six minutes here against city somehow they havent scored,0.0,0.785,0.215,0.4767
77 mancity 11 brentford friends of brentford #mcibre #epl #ngigeupdates,0.0,0.744,0.256,0.4767
friends of brentford football club today ,0.0,0.617,0.383,0.4767
hello friends of brentford ,0.0,0.492,0.508,0.4767
friends of brentford,0.0,0.392,0.608,0.4767
darwin nunez is scoring important goals for liverpool but a certain striker from the farmers league ghosted against brentford today,0.0,0.808,0.192,0.4678
brentford beat manchester city welcome to the premier league ,0.0,0.727,0.273,0.4588
if you understand football then you know man city werent supposed to beat fulham last weekend their luck run out today against brentford ,0.0,0.88,0.12,0.4588
brentford have beaten united 40 this season beaten city at their own ground held chelsea to a draw but i was told its an easy fixture purely because arsenal made them look ordinary,0.104,0.739,0.157,0.4497
brentfords goalkeeper raya is soo good on the ball,0.0,0.734,0.266,0.4404
ivan toney from brentford taps the ball in with the right an easy finish for ivan toney,0.0,0.847,0.153,0.4404
10 minutes additional time theyre ruining the beautiful game ,0.155,0.543,0.302,0.4404
you seeing how brentford are defnding against city with injuries too and some man tried telling me we couldnt do the same on wednesday have a day off lol,0.0,0.906,0.094,0.4215
brentford are the first team this season to beat both manchester united and manchester city as expected,0.0,0.851,0.149,0.4215
haaland couldnt score against brentford buh scored 3 against manchester united we all know which of them is the small team,0.0,0.872,0.128,0.4215
7 of brentfords 16 points have come against manchester city chelsea and manchester united in that same timeframe theyve dropped points to aston villa forest bournemouth wolves leicester everton and palace are brentford becoming the robin hood of the prem,0.0,0.931,0.069,0.4215
brentford 40 manchester united manchester city 12 brentford el brentford asaltando manchester,0.0,0.797,0.203,0.4215
nice one brentford ,0.0,0.417,0.583,0.4215
brentford paste city united,0.0,0.517,0.483,0.4215
manchester united manchester city both humbled by brentford,0.0,0.714,0.286,0.4215
#pl teams knocked out of the cup everton brentford leeds united tottenham arsenal west ham crystal palace chelsea,0.0,0.859,0.141,0.4215
premier league predictions week 15 leeds 20 bournemouth man city 40 fulham forest 21 brentford wolves 10 brighton everton 20 leicester chelsea 22 arsenal villa 12 man united southampton 03 newcastle west ham 20 palace tottenham 01 liverpool,0.0,0.93,0.07,0.4215
brentford playing wwe on every set piece but okay,0.0,0.651,0.349,0.4118
yes brentford 21,0.0,0.426,0.574,0.4019
just look at how arsenal fans are happy with brentford goal they havent even played their game yet,0.094,0.736,0.17,0.3948
newcastle are also monitoring mykhaylo mudryks situation at shakhtar it is clear that for mudryk ucl football is one of the main priorities thats why he turned down brentfords move this summer #nufc,0.0,0.925,0.075,0.3818
what a stunning performance and result for brentford #mciche ,0.0,0.729,0.271,0.3818
brentford will not make it out alive against city in the second half,0.0,0.822,0.178,0.3818
investors who couldnt bet for brentford please it is not too late to bet for newcastle now pls lets advise ourselves,0.0,0.841,0.159,0.3818
brentford are absolutely horrible to play against i would say that last season apart from liverpool they were probably the toughest team city played certainly the ugliest games they dont even give you an option at throwins that foden goal is a huge help,0.161,0.614,0.225,0.3758
ivan toney has scored for brentford whether yall like it or not arsenal is winning the premier league this season the gods have approved ,0.095,0.722,0.182,0.3662
if you think supporting arsenal is stressful the next hour of supporting brentford v city will be unbearable,0.143,0.606,0.251,0.3612
it was coming brentford always looked like nicking this and what a display by ivan toney proper statement,0.0,0.865,0.135,0.3612
brentford about to make arsenal fc smile at the expense of man city,0.0,0.828,0.172,0.3612
thank you brentford ,0.0,0.444,0.556,0.3612
1800000 coming home for lunch brentford thank you,0.0,0.737,0.263,0.3612
thank you so much brentford ,0.0,0.615,0.385,0.3612
see as brentford dey spread man city legs wide like olosho own ,0.0,0.815,0.185,0.3612
mancity vs brentford wekea brentford kichwaand thank me later,0.0,0.762,0.238,0.3612
brentford win it and at the very least they deserved the draw city never really looked like scoring even with all the time added on,0.08,0.79,0.131,0.3578
manchester city have dropped points against newcastle aston villa liverpool and brentford in the premier league this season minutes played by jack grealish in those games 0,0.0,0.912,0.088,0.34
manchester city lost and all arsenal fans are happy than brentford fans,0.144,0.625,0.231,0.34
reality check brentford have just beaten the best team in the world and deserved it 319xg to 187xg class #brentfordfc,0.112,0.72,0.168,0.34
barca fan are very emotional ah brentford will beat your club like thieves too we shouldnt say it,0.138,0.584,0.279,0.3384
has anyone ever met a brentford fan,0.0,0.685,0.315,0.3182
getting flashbacks to brentford please ,0.0,0.635,0.365,0.3182
 brentford first team analyst and setpiece specialist jack wilson is leaving the club to join man city source ornstein ,0.0,0.891,0.109,0.296
#pl goal alert manchester city 12 brentford toney 908 #ssfootball,0.0,0.804,0.196,0.296
if it wasnt already clear that this round of fixtures had the potential to be really weird brentfords win at city has underlined it like the look of spurs lineup with kulusevski back but its 8 wc players vs 3,0.075,0.822,0.104,0.2945
southgate firing toney up by excluding him before brentfords game against city maybe hes not so bad,0.114,0.715,0.171,0.2922
it was actually a goal kick for brentford never a penalty man city diving all over the place like swimmers what a shame #mcibre,0.118,0.644,0.238,0.2914
66 huge chance ilkay gundogan links up with erling haaland inside the brentford area but sends his effort high over the crossbar 11,0.0,0.87,0.13,0.2846
result is obviously important today we need to get something from the game difficult game imo but what will be frustrating is if we revert completely back to the team vs brentford and play poorly we know now we can put performances in like we did vs spurs #nffc,0.098,0.767,0.135,0.2846
brilliant from brentford shocking from city though so slow ivan toney should be on that plane,0.132,0.683,0.185,0.2732
no point watching the game dont see brentford getting anything from it we could be hopeful tho,0.107,0.732,0.161,0.2732
city fans gave utd fans grief when brentford beat em early in the season well well well karma came to your doorstep quickly,0.112,0.667,0.221,0.2732
god of brentford,0.0,0.488,0.512,0.2732
brentford should be 30 up liverpool brighton leicester dortmund fulham all caused them very shaky moments on the counterattack this world cup break is coming at a very good time for them compared to arsenal pep will need to tweak something to get back to previous levels,0.044,0.891,0.065,0.25
friends of brentford drop handles we follow you ,0.188,0.536,0.277,0.25
manchester city predicted lineup vs brentford gw16 final gw before the world cup and city will be looking to end the first half of the season on a high with a win at home against brentford in this thread ill attempt to predict the lineup for this gw,0.055,0.87,0.075,0.25
we will now join manchester city in paying our respects to those who have fallen in service to our country #lestweforget,0.1,0.72,0.18,0.25
man city 3 brentford 0 newcastle 1 chelsea 2 liverpool 3 southampton 0 bournemouth 2 everton 1 nottingham 1 crystal palace 1 tottenham 3 leeds 1 west ham 1 leicester 2 wolves 1 arsenal 3 as seen in the dream ,0.0,0.92,0.08,0.25
brentford havent lost in the premier league when scoring first since august 2021,0.0,0.859,0.141,0.2411
since promotion brentford have not lost a game that they scored first #mcibre,0.0,0.849,0.151,0.2411
brentford have started the game so well but they will end the match with 5 goals down ,0.0,0.889,0.111,0.2193
 casemiro was watching from his home in madrid as #mufc lost to brentford and his response was to call john murtough not to tell him that he was having doubts about leaving but to give assurances that he couldnt wait to get started at old trafford ,0.066,0.871,0.063,0.2144
mikel artetas sensational arsenal side defeated this brentford super team 30 at their home ,0.163,0.632,0.205,0.2023
what a result for brentford they got stuck and kept going forward at every opportunity totally deserved,0.106,0.745,0.149,0.2023
our two loses at the etihad this entire year have been spurs 95th min and brentford 98th min winners ,0.103,0.759,0.138,0.2023
come on then which absolute maniac backed a brentford win in the last 10 minutes inplay theres always one,0.135,0.652,0.213,0.2023
we beat this brentford team away from home while playing an ss1 boy btw,0.0,0.878,0.122,0.2023
so if brentford dont beat man city tomorrow we will finish top 10 during the world cup break,0.0,0.904,0.096,0.2023
 team news is in for manchester city vs brentford erling haaland and phil foden start for the hosts as they look to move top of the premier league ,0.0,0.938,0.062,0.2023
they laughed at us when we lost 20 away at brentford theyve been stung 21 at home karma,0.108,0.751,0.141,0.1779
why are arsenal fans celebrating i thought its brentford thats beating manchester city,0.18,0.599,0.222,0.1779
id be pretty embarrassed if my club spent the entire first having flopping to win a dodgy penalty against checks notes brentford,0.243,0.526,0.23,0.1531
i didnt know it was possible for brentford to commit 5 penalties in the span of 20 seconds but here we are,0.0,0.922,0.078,0.1531
71 huge chance for brentford as aymeric laporte gets a crucial block on a cross to prevent a goal 11,0.136,0.61,0.254,0.128
brentford are feeling it too hot to handle,0.0,0.824,0.176,0.128
this is why i miss peter drury brentford score against manchester city at home in the 97th minute and just listen to the commentary no excitement just words,0.123,0.774,0.103,0.1027
you are kidding me 10 brentford and it just had to be ivan toney,0.0,0.903,0.097,0.1027
there are certain weird teams in the pl that you never know the version of them thats gonna turn up on match days brighton and brentford its either they are peak barcelona smoking the big teams or they are derby county getting smoked by the smaller teams,0.035,0.922,0.043,0.1027
game week 16 differentials and punts defence taa 188 owned southampton h akanji 11 owned brentford h catagne 76 owned west ham a midfield saka 171 owned wolves a kulusevski 39 owned leeds h maddison 98 owned west ham a zaha 199 owned nfo a,0.0,0.964,0.036,0.1027
were not catching them but feels good to see man city lose at home to brentford ,0.166,0.654,0.18,0.0772
man city are rattled by the way resorted to diving every week brentford could have scored 5 today,0.0,0.925,0.075,0.0772
brentford had 8 shots on target against man city not 2 shots on target to start crying that their players missed chances that cost them the win,0.166,0.658,0.176,0.0772
wabula i hope mancity loses this game but its brentford and its etihad stadium,0.113,0.753,0.134,0.0772
man city lost to brentford today dear get the 3 points we got this ,0.145,0.692,0.164,0.0772
has there ever been a better time to use the phrase its brentford innit in a week when we lose to gillingham and beat man city at the etihad ,0.088,0.817,0.095,0.0516
brentford you heroes arsenal are now guaranteed to be top on christmas day i hate to say it but im starting to believe,0.094,0.763,0.143,0.0516
oh the ball saf brentford no go get some play so make i sell toney,0.133,0.723,0.145,0.0516
top performance from brentford really positive in the first 15 minutes and even when under constant pressure theyve always retained a counterattacking threat,0.191,0.578,0.231,0.0498
brentford be one of the stubborn academy teams this season them lash both manchester united and manchester city,0.126,0.744,0.13,0.0258
since gaining promotion brentford are yet to lose a game in which theyve scored first hmmmm,0.146,0.703,0.151,0.0258
908 second goal for brentford scored by ivan toney 12 #mancity,0.0,1.0,0.0,0.0
goal man city 12 brentford 908 mins a dramatic ending at the etihad stadium as ivan toney scores his second of the match turning in josh dasilvas cross #mcibre,0.0,1.0,0.0,0.0
brentford are the second biggest club in london but you already knew,0.0,1.0,0.0,0.0
brentford ,0.0,1.0,0.0,0.0
brentford are in a winter wonderland ,0.0,1.0,0.0,0.0
city swarmed brentford stung the for you,0.0,1.0,0.0,0.0
goallll brentford their papa left yansh them deyyyy madd,0.0,1.0,0.0,0.0
city letting us down and dropping points to our mid table rivals brentford there,0.0,1.0,0.0,0.0
full time 101 minutes man city 12 brentford ,0.0,1.0,0.0,0.0
rodrigo bentancur gets a yellow card which rules him out of the boxing day game at brentford if i remember correctly,0.0,1.0,0.0,0.0
remember when we beat brentford away was told it was just brentford,0.0,1.0,0.0,0.0
for every baldness there is a brentford,0.0,1.0,0.0,0.0
guys somebody went and dash brentford 2 goals that manchester city will score them wotowoto now its his money that have burn wotowoto ,0.0,1.0,0.0,0.0
goal man city 01 brentford 16 mins brentford get a deserved lead as ivan toneys header loops over ederson #mcibre,0.0,1.0,0.0,0.0
goal brentford,0.0,1.0,0.0,0.0
brentford are catching liffffe ,0.0,1.0,0.0,0.0
ivan toney wonders why hes not going to the world cup he should watch the highlights of manchester city vs brentford when he gets home,0.0,1.0,0.0,0.0
man city 157 12 190 brentford,0.0,1.0,0.0,0.0
nathan ake is not in the #mancity squad vs brentford as his wife is due to give birth via men ,0.0,1.0,0.0,0.0
brentford was given 30 odds on sportybet herh ,0.0,1.0,0.0,0.0
only erling haaland 18 and harry kane 11 have scored more premier league goals than ivan toney 9 so far this season brentford lead at the etihad #mcibre,0.0,1.0,0.0,0.0
ommmmmmmgggggg brentford 21,0.0,1.0,0.0,0.0
goal toney assist dasilva man city 12 brentford 908 mins #fpl #mcibre,0.0,1.0,0.0,0.0
should have been 31 but de bruyne saves on the line brentford had a three versus one overloaded and de bruyne was the one,0.0,1.0,0.0,0.0
 arsenal tottenham chelsea west ham crystal palace brentford fulham millwall qpr leyton orient charlton league one charlton are the only london club left the carabao cup,0.0,1.0,0.0,0.0
brentford had more than 10 odds but we chosed 117 oddsoyibo is working,0.0,1.0,0.0,0.0
what a result for brentford and what a job thomas frank is doing toney should of been in england world cup squad different to any other forward they have,0.0,1.0,0.0,0.0
fans of brentford retweet this tweet,0.0,1.0,0.0,0.0
toneyyyyyyyyyyyyyyyyyyyyyyyyyy yessssssssssssssssssssssssss come on brentford,0.0,1.0,0.0,0.0
brentford need to be carful defending corners with the grabbing eventually var will give city a pen as they always do,0.0,1.0,0.0,0.0
goal #mancity 12 brentford ivan toney 907,0.0,1.0,0.0,0.0
you go stake man city with all your life just for brentford to cast it at the last minute,0.0,1.0,0.0,0.0
fucking get in brentford toneyyy,0.0,1.0,0.0,0.0
pep guardiola absolutely we arent going to rest players vs brentford for the national team via ,0.0,1.0,0.0,0.0
someone said brentford came to take away the citizenship from manchester ,0.0,1.0,0.0,0.0
brentford with the stunner ,0.0,1.0,0.0,0.0
brentford fans singing youre just a sht ivan toney to haaland hulk smash coming,0.0,1.0,0.0,0.0
did you see that penetration for brentford ,0.0,1.0,0.0,0.0
arsenal only beat small teams they said man city vs brentford 1 2 brentford vs chelsea 0 0 brentford vs arsenal 0 3 brentford vs man utd 4 0,0.0,1.0,0.0,0.0
brentford,0.0,1.0,0.0,0.0
you mean brentford beat chelsea and man city so arsenal will be leaders in december things are happening,0.0,1.0,0.0,0.0
 fulham chelsea arsenal crystal palace tottenham hotspur brentford west ham every single london premier league side has been knocked out of the carabao cup ,0.0,1.0,0.0,0.0
goaaaaaaal brentford r i p to investors ,0.0,1.0,0.0,0.0
manchester city 12 brentford ,0.0,1.0,0.0,0.0
i have been off how did man city brentford game end,0.0,1.0,0.0,0.0
ivan toney saying wassup to gareth southgate second highest scoring englishman in the league since brentford came up btw,0.0,1.0,0.0,0.0
epl manchester city 1 2 brentford,0.0,1.0,0.0,0.0
man city paying the brentford tax,0.0,1.0,0.0,0.0
where the man city guys dey brentford just cooked you guys with last minute,0.0,1.0,0.0,0.0
goal toney makes it 21 to brentford,0.0,1.0,0.0,0.0
brentford got my evening done,0.0,1.0,0.0,0.0
brentford i said it upsettttttttt,0.0,1.0,0.0,0.0
full time man city 12 brentford,0.0,1.0,0.0,0.0
brentford will beat city,0.0,1.0,0.0,0.0
get in brentford ,0.0,1.0,0.0,0.0
ivan toney 20 haaland ivan toney could give 70goals a season at man city if he can do this at brentford,0.0,1.0,0.0,0.0
brentford are leading if only lewis hall and christain pulisic were clinical enough,0.0,1.0,0.0,0.0
ht and the officials are getting booed off the pitch again at the cg can understand why given the broader picture of what happened last weekend but they got both the big calls right just about in that first half this was not on the scale of brentford by any means #nffc,0.0,1.0,0.0,0.0
are we all brentford today ,0.0,1.0,0.0,0.0
kickoff #mancity vs brentford at the etihad stadium is underway,0.0,1.0,0.0,0.0
toneyyyyy brentford should be up by 3 already,0.0,1.0,0.0,0.0
brentford you have just 8 to defend ,0.0,1.0,0.0,0.0
brentford you can do this,0.0,1.0,0.0,0.0
brentford is second bae,0.0,1.0,0.0,0.0
goal toney assist mee man city 01 brentford 16 mins #fpl #mcibre,0.0,1.0,0.0,0.0
can barely watch this city game come on brentford hang on,0.0,1.0,0.0,0.0
sasa brentford walimwe zingine 4 ivi,0.0,1.0,0.0,0.0
90 ten minutes added on #mancity 11 brentford,0.0,1.0,0.0,0.0
brentford for life,0.0,1.0,0.0,0.0
apologies there wont be a post match podcast as we are off to get mashed instead normal service will be resumed when we sober up eventually coyb,0.0,1.0,0.0,0.0
brentford 21,0.0,1.0,0.0,0.0
imagine brentford score instead,0.0,1.0,0.0,0.0
yellow card joao cancelo dive #mancity 11 brentford 84,0.0,1.0,0.0,0.0
yellow card erling haaland #mancity 01 brentford 37,0.0,1.0,0.0,0.0
epl predictions man city 20 brentford liverpool 11 southampton everton 21 bournemouth westham 00 leicester tottenham 11 leeds nottigham 12 palace newcastle 31 chelsea,0.0,1.0,0.0,0.0
full time man city 12 brentford ,0.0,1.0,0.0,0.0
33 john stones the latest to send an effort over the brentford crossbar 01,0.0,1.0,0.0,0.0
16 goal for brentford scored by ivan toney 01 #mancity,0.0,1.0,0.0,0.0
brace for ivan toney and brentford lead in the 98 #myplmorning #mcibre,0.0,1.0,0.0,0.0
lokwe brentford ,0.0,1.0,0.0,0.0
correct scores hapo man city 20 brentford bournemouth 12 everton liverpool 21 southampton nottingham 11 palace tottenham 12 leeds westham 23 leicester newcastle 11 chelsea wolves 02 arsenal,0.0,1.0,0.0,0.0
manchester city vs brentford predictions i predict 3 phil foden goals ,0.0,1.0,0.0,0.0
#pl result manchester city 12 brentford #ssfootball,0.0,1.0,0.0,0.0
ivann toneeeeyyyy city 12 brentford cokkk ,0.0,1.0,0.0,0.0
brentford doing the lords work ,0.0,1.0,0.0,0.0
brentford you have just one job,0.0,1.0,0.0,0.0
were all brentford southampton and newcastle today right,0.0,1.0,0.0,0.0
can someone tell brentford that this their tactics is not sustainable,0.0,1.0,0.0,0.0
 its time to checkin 1330 cet city brentford #bemorethanafan ,0.0,1.0,0.0,0.0
brentford ya go betsa city gore kgantele le lebelle hela,0.0,1.0,0.0,0.0
buuuuuuuuuuuuuuuuuut de toney man city 12 brentford,0.0,1.0,0.0,0.0
toneeeeeeeeeyyyyyyyyy toneeeeeeeeeyyyyyyyyy toneeeeeeeeeyyyyyyyyy toneeeeeeeeeyyyyyyyyy toneeeeeeeeeyyyyyyyyy 1x2 #premierleaguenaespn,0.0,1.0,0.0,0.0
hio game ya city na brentford ekea 0ver 45thank me later,0.0,1.0,0.0,0.0
man city 3 brentford 1 stake high ,0.0,1.0,0.0,0.0
manchester city 01 brentford hapo vipi,0.0,1.0,0.0,0.0
16 gol del brentford lo anota ivan toney 01 #mcfcespañol,0.0,1.0,0.0,0.0
brentford can nick a point at the etihad tomorrow i believe,0.0,1.0,0.0,0.0
haaland starts brentford in for a hammering,0.0,1.0,0.0,0.0
weve got added minutes to go 11 #brentfordfc #mcibre,0.0,1.0,0.0,0.0
le programme du jour 13h30 city brentford 15h naples udinese 16h liverpool south 16h tottenham leeds 17h lens clermont 18h30 newcastle chelsea 18h30 schalke bayern 20h45 wolves arsenal 21h rennes toulouse,0.0,1.0,0.0,0.0
cant see anything other than a thumping for brentford today ,0.0,1.0,0.0,0.0
forest 22 brentford 4 possible pens for forest 0 checked 0 given 1 possible pen for brentford 5 minute check and the soft pen is given disgraceful ref performance forest deserved the 3 points #nffc,0.0,1.0,0.0,0.0
my predictions whats yours #bpl man city 40 brentford bournemouth 11 everton liverpool 31 southampton nottingham forrest 02 crystal palace spurs 12 leeds west ham 12 leicester newcastle 21 chelsea wolves 02 arsenal brighton 13 aston villa fulham 01 man utd,0.0,1.0,0.0,0.0
drive all the way to city for an early kick off wrong turning at birmingham and nearly end up in bristol make kick off leave early to beat the traffic miss the win what a saturday ,0.145,0.762,0.093,-0.0258
if brentford score again ill definitely get an orgasm,0.224,0.56,0.216,-0.0258
motd jenas saying should be more advanced for brentfords 2nd goal is a right load of old shite pisses me off these ex outfield players that should of been keepers ,0.076,0.852,0.072,-0.0276
theres no way brentford are getting anything from this game not going to bother watching it,0.121,0.768,0.112,-0.0423
top at christmas get in same brentford we smacked i guess we still havent played anyone yet eh 70ns gallagher kelmendi ,0.093,0.824,0.082,-0.0608
were the real deal these other top 6 teams struggled against brentford except arsenal,0.158,0.724,0.118,-0.1531
missed the end of the brentford game am fewmin but sensational stuff still stick by the fact toney should be on the plane,0.068,0.932,0.0,-0.1531
why brentford go miss this 3rd goal now,0.186,0.814,0.0,-0.1531
 city fans disappointed thank you brentford,0.323,0.417,0.26,-0.1531
fulltime statistics possession 75 25 total shots 29 10 blocked shots 14 1 big chances 1 6 big chances missed 1 4 accurate passes 527 123 pass accuracy 85 57 attempted crosses 38 4 corners 10 2 final score #mancity 12 brentford,0.111,0.797,0.093,-0.1779
city losing against brentford means that arsenal is on the top of pl table at least until christmas,0.127,0.784,0.088,-0.2023
brentford can beat barca like thieves tbh,0.306,0.463,0.231,-0.2023
you just look at how mancity play and you can see in their faces they think its fools daybrentford stinging the shiet out of them peter drury,0.105,0.817,0.078,-0.2023
goal 1 #brentfordfc 1 foden levels in injurytime with an unstoppable effort 11 #mcibre,0.141,0.859,0.0,-0.2023
city lose at home to brentford arsenal top at christmas confirmed this is not a drill ,0.154,0.743,0.103,-0.2263
think brentford have sussed how to stop haalandjust have two defenders pull him to the ground,0.126,0.8,0.074,-0.2263
breaking world cup hopeful ivan toney has been investigated by the fa over historical gambling allegations for 7 months without reaching a conclusion but there is no indication the brentford star ever bet against his side mail,0.107,0.837,0.056,-0.2373
fairly certain rodrigo bentancur got booked there there i believe for remonstrating with referee michael salisbury and if correct that means he will be suspended for the boxing day trip to brentford that was his fifth yellow card of the premier league season #thfc,0.067,0.887,0.045,-0.25
just remembered when brentford fans singing youll never play for england to maddison is music to my ears #lcfc #brentfordfc,0.097,0.903,0.0,-0.2584
all the harrison bashing is a bit off isnt it lets play our left winger on the right all season and expect him to be the same player just remember who kept us up at brentford #lufc,0.055,0.945,0.0,-0.2584
haaland just like any other striker becomes useless when they dont get the service they need in front of goal brentford made sure he didnt get the ball in dangerous areas,0.156,0.716,0.127,-0.2732
if brentford can hold on to a draw i will drop nudes,0.189,0.811,0.0,-0.2732
180000 transfers out for cancelo this gw could drop before the deadline brentford at home in gw16 #fpl,0.11,0.89,0.0,-0.2732
that brentford result makes last week even more annoying toney made such a difference if we had mitro playing we would have got something #ffc,0.112,0.821,0.067,-0.2944
man citys defeat to brentford means arsenal are now the only team with a 100 record at home in the premier league this season and it guarantees them top spot at christmas ,0.089,0.858,0.053,-0.296
brentford this season beat maniyu 40 just beat man city 21 lost to the mighty arsenal 30 meanwhile arsenal only beats small teams,0.095,0.905,0.0,-0.3182
i dont understand how teams struggle against brentford my team arsenal would never there are levels to this game,0.119,0.881,0.0,-0.3182
brentford thought they could defend till the end of the game smh,0.173,0.827,0.0,-0.3182
brentford lost to gillingham ,0.434,0.566,0.0,-0.3182
not getting my hopes up againshould be 20 brentford so itll end up 41 city,0.143,0.857,0.0,-0.3252
brentford dont get my hopes up,0.318,0.682,0.0,-0.3252
brentford smashed manchester united 40 defeated the champions manchester city 21 at the etihad drew against chelsea but when arsenal slapped them 30 people said arsenal havent played any top team yet lessons will be learnt media hypocrisy,0.149,0.757,0.094,-0.3382
brentford smashed manchester united 40 defeated the champions manchester city 21 at the etihad drew against chelsea but when arsenal slapped them 30 people said arsenal havent played any top team yet lessons will be learnt,0.156,0.745,0.099,-0.3382
almighty and creative man city with 24 worldclass players losing in the first half with just a shot on target against brentford if pep can lose why cant potter,0.16,0.753,0.087,-0.34
imagine being embarrassed by brentford,0.385,0.615,0.0,-0.3612
brentford will mess it up reason why i wasnt moved when they scored,0.185,0.815,0.0,-0.3612
brentford upsets man city 21 as a 191 underdog stunner in epl,0.2,0.8,0.0,-0.3612
man utd man city losing to brentford,0.302,0.698,0.0,-0.3818
brentford should be 20 updefo losing now ,0.302,0.698,0.0,-0.3818
manchester city losing to brentford this is atrocious,0.271,0.729,0.0,-0.3818
brentford have offered more against city in 10 minutes than we did in 60 minutes against 10 men embarrassing,0.126,0.874,0.0,-0.3818
i have been a brentford fan since the onset of cold war,0.275,0.563,0.162,-0.3818
those brentford counter attacks were just top notch like they borrowed some madrid tacticsgoes to show why citeh will never win a ucl with baldiola,0.197,0.661,0.142,-0.3964
what dey pain united fans be say as brentford whip them nu na eno b early kickoff so them no get any excuse awell both small clubs,0.181,0.69,0.129,-0.3976
brentford should change their name to stubborn academy,0.278,0.722,0.0,-0.4019
compare this brentford against 11 man manchester city to the nonsense chelsea did midweek,0.172,0.828,0.0,-0.4019
manchester city benched players against chelsea only to lose to brentford ,0.213,0.787,0.0,-0.4019
brentford are yet to lose their first game of which theyve scored first lets see how it goes #mcibre,0.13,0.87,0.0,-0.4019
brentford performance is actually more concerning for pep than the issues city had vs newcastle lfc dortmund leicester fulham those teams were more aggressive but thomas frank actually sat back in a deep 532 yet city couldnt break it down were vulnerable to counters,0.085,0.915,0.0,-0.4208
brentford hates manchester clubs,0.492,0.508,0.0,-0.4404
brentford did man city dirty sponsor by toney #mancitybrentford,0.266,0.734,0.0,-0.4404
arsenal admin just tweeted beating brentford is not for everyone ,0.25,0.75,0.0,-0.4588
four penalty shouts in the last five minutes think brentford got away with two of them here,0.158,0.842,0.0,-0.4588
beating brentford at home isnt for everyone,0.333,0.667,0.0,-0.4588
beating brentford is not for everyone what a result for arsenal massive game tonight #coyg,0.188,0.812,0.0,-0.4588
yes brentford has stunned man city but arsenal aint winning against wolves today,0.291,0.598,0.111,-0.4614
haaland would turn these draws in to wins draw vs villa draw vs newcastle draw vs brentford lose to liverpool i said it wouldnt work like that before the season started but unfortunately klopp and fsg let me down,0.152,0.793,0.055,-0.4862
brentford this the lords work today so lp will defeat apcpdp come february 2023,0.201,0.799,0.0,-0.5046
brentford had 1840 odds in the morning oo herh city go suffer walahi ebi now the matter hit me,0.162,0.787,0.051,-0.5267
city struggling vs this brentford block of 8 players would help if you had a 1v1 wide threat to pin their wing backs back and create a wide 3v2 overload but hey,0.259,0.641,0.099,-0.5423
reasons to be optimistic brentford have only lost 4 matches against manchester city in the last 70 years no other premier league team has lost fewer games against mcfc #brentfordfc,0.199,0.733,0.067,-0.5423
fair play to brentford what an incredible display that was but this is why everton kill me not in a million years would we ever be capable of replicating what brentford have done today every time we go anywhere like city or anyone in the top 6 we fucking shit it,0.18,0.636,0.185,-0.5704
brentford don score another goal football na scam,0.346,0.654,0.0,-0.5719
rangers couldnt grab a win even though they were added additional 9 minutes to play manchester city were added additional 10 minutes but theyre rather losing to brentford oyibo is massive,0.164,0.785,0.051,-0.577
brentford is just there to make life hard for big teams what the fuck is this ,0.259,0.741,0.0,-0.5994
mancity 12 brentford come on fans dont act like you are not happy,0.317,0.683,0.0,-0.6259
the arsenal only beat small teams narrative is dead now brentford beat all of them round ,0.223,0.777,0.0,-0.6486
brentford killing manchester city ,0.595,0.405,0.0,-0.6597
10 goals in 14 premier league games for brentford 3rd top scorer in the league specialist penalty taker in any other league or country itd be an outrage not to be called up for a world cup squad of 26,0.143,0.816,0.041,-0.6705
that is the same brenfrod team arsenal made look like schoolboys at home arsenal dominated proceedings and killed all duels that same brentford just embarrassed manchester city,0.209,0.716,0.075,-0.6705
credit brentford set up well defensively and were a threat every time they went forward we just didnt have it in us too many shots from distance and crosses from poor angles defensively we were dreadful so passive just watching them too often,0.235,0.634,0.132,-0.674
how the hell did we batter this brentford team,0.365,0.635,0.0,-0.6808
ive said it before and ill say it again bernardo silva is wasted on the right wing especially against a team that press as high as brentford,0.2,0.8,0.0,-0.7184
goalllll brentford go 21 up at manchester city in the 98th minute ivan toney slots home chaos a hugeeeeeeee shock #mcfc 12 #brentfordfc,0.24,0.76,0.0,-0.743
expect citys quality to tell over 90 but brentford here are another example of how teams can dent city if they actually have a go also weird how people dont understand that having a go doesnt mean committing 6 or 7 forward and going mental in attack against them,0.152,0.848,0.0,-0.7603
take the piss for losing to brentford at brentford then lose at home to brentford just saying ,0.364,0.636,0.0,-0.7906
29 more big claims from #mancity for another penalty as kevin de bruyne goes down inside the brentford area var says no penalty 01,0.281,0.719,0.0,-0.802
city players diving and crying for pens everywhere against brentford absolutely no shame ,0.466,0.467,0.067,-0.8258
its mad that brentford are beating man city and i simply couldnt care less because were 8th ,0.404,0.596,0.0,-0.8329
i long for those magical days of getting battered 41 at home to brentford losing to an relegation threatened everton incapable of beating the worst man united side in pl history,0.363,0.57,0.067,-0.91
brentford a shocking sociedad h really poor sheriff a poor omonia a poor everton a not great omonia h not bad newcastle h poor better when he came off sheriff h good west ham h poor sociedad a poor again we play better without ronaldo,0.423,0.353,0.224,-0.9246
